{"cameraMode":{"drawMode":0,"name":"Shaded","section":"Shading Mode"},"sceneLighting":true,"audioPlay":false,"sceneViewState":{"showFog":true,"showMaterialUpdate":false,"showSkybox":true,"showFlares":true,"showImageEffects":true,"showParticleSystems":true},"in2DMode":false,"pivot":{"x":20.495664596557618,"y":17.806419372558595,"z":13.873762130737305},"rotation":{"x":-0.46232420206069949,"y":0.23949334025382996,"z":-0.13123063743114472,"w":-0.8436405658721924},"size":35.646705627441409,"orthographic":false}